UUID,cameraID,event Type,datetime,probability,model,video location,video index timestamp,SiteID
87baa539-528e-4ef6-ac55-168f044a667e,CAM-005,face_recognized,3/21/2025 2:27,0.92,EfficientDet,/videos/CAM-005/20250321_022734.mp4,2:27:34,SITE-02
5e1a7fe0-4881-4b09-88f3-a82ce37b33f2,CAM-009,person_detected,3/11/2025 5:02,0.71,YOLOv8,/videos/CAM-009/20250311_050218.mp4,5:02:18,SITE-02
68c9d121-ea9a-4ab0-a632-8f3ddf5df5d2,CAM-003,face_recognized,1/29/2025 15:34,0.67,YOLOv5,/videos/CAM-003/20250129_153451.mp4,15:34:51,SITE-02
e5e33c22-47db-46a6-b7dd-ef8ec1316734,CAM-010,face_recognized,3/7/2025 15:50,0.72,YOLOv5,/videos/CAM-010/20250307_155020.mp4,15:50:20,SITE-04
dd196614-3e0e-450d-be8c-989ead9cec22,CAM-005,face_recognized,2/27/2025 0:31,0.7,EfficientDet,/videos/CAM-005/20250227_003129.mp4,0:31:29,SITE-03
29e30eb9-f957-447b-9528-99613d0c4b58,CAM-001,face_recognized,3/9/2025 21:40,0.74,YOLOv8,/videos/CAM-001/20250309_214042.mp4,21:40:42,SITE-03
95ad763f-d383-429f-a28f-548a4bc24025,CAM-002,person_detected,2/17/2025 17:57,0.69,EfficientDet,/videos/CAM-002/20250217_175758.mp4,17:57:58,SITE-04
d0bdf3c7-058f-42e1-9c30-9bd335135020,CAM-002,person_detected,2/8/2025 15:06,0.73,YOLOv5,/videos/CAM-002/20250208_150643.mp4,15:06:43,SITE-03
a5b9e16e-14b4-462a-8fde-301f767b4969,CAM-003,vehicle_detected,3/25/2025 18:41,0.95,YOLOv8,/videos/CAM-003/20250325_184124.mp4,18:41:24,SITE-01
a3c33722-06a6-4aa9-b167-cb572a539cff,CAM-007,person_detected,4/9/2025 11:02,0.54,YOLOv8,/videos/CAM-007/20250409_110217.mp4,11:02:17,SITE-03
a8a18230-f792-451f-be9d-3e9cfbb7cb2c,CAM-003,motion,4/13/2025 22:32,0.63,YOLOv5,/videos/CAM-003/20250413_223242.mp4,22:32:42,SITE-01
367b02ae-4ca5-479a-aa13-b60973a230c6,CAM-005,face_recognized,3/13/2025 4:47,0.61,EfficientDet,/videos/CAM-005/20250313_044729.mp4,4:47:29,SITE-02
cfef7f3a-f913-47bf-b5ad-49ab174fb6d7,CAM-007,vehicle_detected,1/23/2025 2:05,0.95,EfficientDet,/videos/CAM-007/20250123_020518.mp4,2:05:18,SITE-05
93af9e77-f37f-48eb-8b64-f12bdf00f095,CAM-010,face_recognized,2/9/2025 22:11,0.7,YOLOv8,/videos/CAM-010/20250209_221150.mp4,22:11:50,SITE-05
0ea99039-8314-4622-847c-386e44e1a13f,CAM-004,motion,3/13/2025 2:30,0.98,YOLOv5,/videos/CAM-004/20250313_023023.mp4,2:30:23,SITE-01
dea3eb72-740f-4b52-bec7-447a2ae5f511,CAM-001,face_recognized,1/7/2025 10:08,0.53,EfficientDet,/videos/CAM-001/20250107_100828.mp4,10:08:28,SITE-03
1d9d9e32-a982-4697-a47f-a3ce0f51c0ec,CAM-005,person_detected,4/4/2025 5:54,0.64,YOLOv5,/videos/CAM-005/20250404_055441.mp4,5:54:41,SITE-01
38bd9733-71e4-4218-872b-236ab8b1c42d,CAM-009,motion,1/4/2025 1:44,0.68,FasterRCNN,/videos/CAM-009/20250104_014405.mp4,1:44:05,SITE-03
b5253c9f-2ef2-4da8-9d95-b279e8452913,CAM-004,vehicle_detected,4/3/2025 2:13,0.54,YOLOv8,/videos/CAM-004/20250403_021317.mp4,2:13:17,SITE-02
f2b48413-4102-473a-9de1-559e6ef9ebb6,CAM-008,face_recognized,3/7/2025 6:25,0.55,YOLOv5,/videos/CAM-008/20250307_062532.mp4,6:25:32,SITE-05
20d0a465-cee2-489f-b747-d153fd67f77b,CAM-009,motion,1/24/2025 12:35,0.65,FasterRCNN,/videos/CAM-009/20250124_123506.mp4,12:35:06,SITE-03
0a4dc1af-f9cf-4676-980a-f778846f83c3,CAM-006,person_detected,3/9/2025 14:14,0.61,FasterRCNN,/videos/CAM-006/20250309_141430.mp4,14:14:30,SITE-02
ac889441-cd54-4853-b6ca-20db0375b568,CAM-009,motion,1/21/2025 12:00,0.75,FasterRCNN,/videos/CAM-009/20250121_120051.mp4,12:00:51,SITE-01
611ac90e-c8b4-40f3-84ae-ed6da930f67c,CAM-009,motion,3/19/2025 15:33,0.6,FasterRCNN,/videos/CAM-009/20250319_153316.mp4,15:33:16,SITE-02
e573d378-bf81-427b-850d-25fec6e416b5,CAM-001,vehicle_detected,2/1/2025 4:50,0.82,YOLOv8,/videos/CAM-001/20250201_045004.mp4,4:50:04,SITE-01
5bee6350-2480-4619-bcac-c2ae0f9e38c5,CAM-010,vehicle_detected,2/23/2025 19:04,0.95,YOLOv8,/videos/CAM-010/20250223_190407.mp4,19:04:07,SITE-04
8e06ede9-0603-4ea6-9e3d-b3b293bf0a93,CAM-006,face_recognized,4/13/2025 8:16,0.74,YOLOv5,/videos/CAM-006/20250413_081624.mp4,8:16:24,SITE-03
5d7cb2dd-c00c-46ed-8c9a-fea59da6c966,CAM-001,person_detected,2/8/2025 9:47,0.71,FasterRCNN,/videos/CAM-001/20250208_094749.mp4,9:47:49,SITE-04
08fcaaa6-7bef-4ec3-8af8-dd29969297c7,CAM-004,vehicle_detected,1/1/2025 5:57,0.66,EfficientDet,/videos/CAM-004/20250101_055708.mp4,5:57:08,SITE-05
a118bd42-2e7e-4621-af89-68ab0ed502d5,CAM-009,face_recognized,2/11/2025 12:43,0.58,EfficientDet,/videos/CAM-009/20250211_124346.mp4,12:43:46,SITE-02
9b1016e0-9559-43f5-8869-02c4cef3d377,CAM-005,person_detected,3/31/2025 21:18,0.67,FasterRCNN,/videos/CAM-005/20250331_211818.mp4,21:18:18,SITE-01
d26f0611-def4-446f-85d2-9c5e001139a4,CAM-003,vehicle_detected,2/5/2025 14:08,0.68,FasterRCNN,/videos/CAM-003/20250205_140847.mp4,14:08:47,SITE-02
cb92b6a0-a9ba-4782-83d9-0c9ccc04f7e4,CAM-005,motion,1/16/2025 1:33,0.67,FasterRCNN,/videos/CAM-005/20250116_013320.mp4,1:33:20,SITE-04
f9355d43-684a-4acc-a900-a735669844ba,CAM-001,vehicle_detected,2/19/2025 22:07,0.91,EfficientDet,/videos/CAM-001/20250219_220708.mp4,22:07:08,SITE-05
80d5b685-0830-4bbf-8942-37beac06c9ec,CAM-005,person_detected,3/10/2025 12:24,0.7,YOLOv8,/videos/CAM-005/20250310_122400.mp4,12:24:00,SITE-02
d78cf17c-8032-4111-80a2-843acc5f2010,CAM-006,motion,2/1/2025 10:41,0.74,EfficientDet,/videos/CAM-006/20250201_104102.mp4,10:41:02,SITE-05
5ab830ad-9b9f-4cee-9ddc-84231cc6feca,CAM-004,vehicle_detected,4/13/2025 14:53,0.59,YOLOv5,/videos/CAM-004/20250413_145324.mp4,14:53:24,SITE-02
6a3baf96-032c-4799-a7f3-605ed79ed602,CAM-003,motion,1/7/2025 17:37,0.53,YOLOv5,/videos/CAM-003/20250107_173756.mp4,17:37:56,SITE-03
45cc59c9-be24-4f7f-8a65-8f57d35d8004,CAM-004,person_detected,4/11/2025 20:26,0.93,YOLOv5,/videos/CAM-004/20250411_202616.mp4,20:26:16,SITE-01
751c3ab5-8fd5-48b1-9a24-1337939b29ca,CAM-009,face_recognized,2/24/2025 0:51,0.52,EfficientDet,/videos/CAM-009/20250224_005125.mp4,0:51:25,SITE-03
6a59bb45-aa4f-4ccc-b869-46f901ecb979,CAM-008,face_recognized,3/11/2025 18:20,0.98,YOLOv8,/videos/CAM-008/20250311_182014.mp4,18:20:14,SITE-05
d58f4710-aa6d-464f-91c0-5d1cd059f523,CAM-010,vehicle_detected,3/22/2025 4:38,0.81,FasterRCNN,/videos/CAM-010/20250322_043848.mp4,4:38:48,SITE-01
b628071d-01d6-4e93-b8b7-18000e4a548a,CAM-010,person_detected,1/9/2025 6:14,0.65,YOLOv5,/videos/CAM-010/20250109_061413.mp4,6:14:13,SITE-02
b82f0a79-5317-4272-9d48-a36b92989a3f,CAM-008,face_recognized,3/23/2025 0:47,0.68,EfficientDet,/videos/CAM-008/20250323_004735.mp4,0:47:35,SITE-03
4aa66037-e268-4893-be6b-88ab0ba275e1,CAM-010,motion,3/6/2025 18:08,0.73,FasterRCNN,/videos/CAM-010/20250306_180836.mp4,18:08:36,SITE-05
2ea236ed-9e8e-4e49-af4e-52bdee73d479,CAM-009,face_recognized,2/12/2025 12:03,0.82,FasterRCNN,/videos/CAM-009/20250212_120336.mp4,12:03:36,SITE-02
f60699cf-d03d-4a39-8f89-db5800c1bed7,CAM-006,motion,1/3/2025 20:46,0.74,YOLOv5,/videos/CAM-006/20250103_204622.mp4,20:46:22,SITE-01
94ae5497-1d71-4201-95cd-3cd81f965dbd,CAM-007,face_recognized,2/12/2025 13:07,0.79,EfficientDet,/videos/CAM-007/20250212_130703.mp4,13:07:03,SITE-05
d3c11da3-ebe7-4652-b513-3bff16f6ee41,CAM-005,person_detected,1/30/2025 14:14,0.68,YOLOv5,/videos/CAM-005/20250130_141404.mp4,14:14:04,SITE-04
6b06e28b-825a-464f-8003-1a7a323d5083,CAM-006,face_recognized,1/10/2025 8:26,0.96,YOLOv5,/videos/CAM-006/20250110_082631.mp4,8:26:31,SITE-05
94042540-d64c-41fe-82be-39c2ab5c3ea3,CAM-001,motion,4/4/2025 8:02,0.95,YOLOv8,/videos/CAM-001/20250404_080206.mp4,8:02:06,SITE-04
f22cd2c2-f868-45cd-98dc-d58ae478f584,CAM-006,person_detected,3/19/2025 18:54,0.58,YOLOv5,/videos/CAM-006/20250319_185447.mp4,18:54:47,SITE-04
9e2cdd6c-90d4-4c93-ad0e-e7283c0e2845,CAM-004,person_detected,1/11/2025 0:00,0.99,YOLOv5,/videos/CAM-004/20250111_000032.mp4,0:00:32,SITE-05
2af1c9fe-250b-4ad6-a207-7e5ed2829a43,CAM-003,vehicle_detected,3/18/2025 16:03,0.75,YOLOv8,/videos/CAM-003/20250318_160338.mp4,16:03:38,SITE-04
f2311089-e88a-4dc9-aabf-67438d0b0f9a,CAM-006,vehicle_detected,2/28/2025 13:56,0.87,EfficientDet,/videos/CAM-006/20250228_135623.mp4,13:56:23,SITE-04
7010c102-183d-46eb-8891-7a2ed1246082,CAM-010,face_recognized,3/18/2025 12:14,0.71,YOLOv8,/videos/CAM-010/20250318_121459.mp4,12:14:59,SITE-01
9a139e41-5825-4a55-8ecf-3c514e02da47,CAM-008,face_recognized,4/1/2025 10:47,0.98,FasterRCNN,/videos/CAM-008/20250401_104758.mp4,10:47:58,SITE-02
a262df6e-ef9d-4207-9967-39b4597585e1,CAM-004,motion,4/14/2025 2:05,0.52,YOLOv8,/videos/CAM-004/20250414_020521.mp4,2:05:21,SITE-04
8b5cf1fe-92a5-462b-8ad3-133f6947a727,CAM-003,vehicle_detected,2/11/2025 1:25,0.9,YOLOv8,/videos/CAM-003/20250211_012510.mp4,1:25:10,SITE-01
7687d001-82c2-46fa-98e2-0156edbb6e19,CAM-003,vehicle_detected,3/26/2025 0:43,0.73,YOLOv5,/videos/CAM-003/20250326_004354.mp4,0:43:54,SITE-04
712d424d-4a5e-4307-a74a-ffbdc894d0c4,CAM-001,face_recognized,2/7/2025 4:01,0.58,EfficientDet,/videos/CAM-001/20250207_040112.mp4,4:01:12,SITE-04
e83b8c7f-ea58-45e9-be1c-c2c919a37b88,CAM-005,face_recognized,3/1/2025 6:24,0.57,YOLOv5,/videos/CAM-005/20250301_062412.mp4,6:24:12,SITE-01
6a56b029-4c77-4ae5-9ae1-a647f90792d7,CAM-009,motion,1/30/2025 16:15,0.77,YOLOv8,/videos/CAM-009/20250130_161557.mp4,16:15:57,SITE-02
83c92abc-5925-4948-b4fd-f519413fe82f,CAM-010,person_detected,3/25/2025 19:39,0.59,FasterRCNN,/videos/CAM-010/20250325_193923.mp4,19:39:23,SITE-02
6ca3670d-6895-4bed-abd8-de8d84ebda56,CAM-002,vehicle_detected,4/7/2025 14:35,0.58,YOLOv8,/videos/CAM-002/20250407_143500.mp4,14:35:00,SITE-04
d598be89-3750-400b-a3c4-0513658e741c,CAM-001,person_detected,2/12/2025 4:45,0.51,YOLOv8,/videos/CAM-001/20250212_044505.mp4,4:45:05,SITE-04
8b18f273-589a-4355-a3a4-0b1ca6738082,CAM-008,vehicle_detected,1/29/2025 8:10,0.95,YOLOv5,/videos/CAM-008/20250129_081015.mp4,8:10:15,SITE-04
7f140dcb-3ca4-4920-8df8-75a1769a2efc,CAM-008,motion,1/4/2025 7:34,0.6,YOLOv5,/videos/CAM-008/20250104_073436.mp4,7:34:36,SITE-01
f6e1240c-3a57-439d-af87-7e55351ce9c6,CAM-002,vehicle_detected,2/27/2025 1:02,0.86,EfficientDet,/videos/CAM-002/20250227_010259.mp4,1:02:59,SITE-02
a1988905-9952-4186-8322-09119cd0b21a,CAM-007,vehicle_detected,4/10/2025 5:31,0.76,EfficientDet,/videos/CAM-007/20250410_053150.mp4,5:31:50,SITE-05
5a141cc4-4dc8-4f19-b8ed-b3d3fa7c5731,CAM-004,person_detected,1/8/2025 13:55,0.75,YOLOv8,/videos/CAM-004/20250108_135554.mp4,13:55:54,SITE-03
3d559eb6-4f53-4eee-861a-247dd28e7e39,CAM-003,motion,4/11/2025 15:08,0.61,FasterRCNN,/videos/CAM-003/20250411_150822.mp4,15:08:22,SITE-04
5cdcbfc0-949c-43b9-9e02-e6c0656f7653,CAM-006,vehicle_detected,2/12/2025 12:51,0.91,EfficientDet,/videos/CAM-006/20250212_125107.mp4,12:51:07,SITE-02
6182264c-0537-484a-b803-93189c3acf0e,CAM-004,person_detected,3/10/2025 11:57,0.98,YOLOv5,/videos/CAM-004/20250310_115700.mp4,11:57:00,SITE-05
bffc3a66-037a-4f0b-a7f4-9169123bf6dc,CAM-008,vehicle_detected,1/16/2025 11:23,0.56,YOLOv8,/videos/CAM-008/20250116_112308.mp4,11:23:08,SITE-05
9a2b1421-b7f8-4dc1-bcdb-40a3c18f6242,CAM-004,motion,1/28/2025 9:10,0.89,FasterRCNN,/videos/CAM-004/20250128_091022.mp4,9:10:22,SITE-03
98f9acac-3269-4ca7-8835-131c97a51bed,CAM-003,face_recognized,4/10/2025 11:38,0.78,YOLOv5,/videos/CAM-003/20250410_113829.mp4,11:38:29,SITE-02
67e06a50-59ed-4aee-95d2-e0b6a9d3b8ec,CAM-007,person_detected,2/18/2025 8:20,0.85,FasterRCNN,/videos/CAM-007/20250218_082053.mp4,8:20:53,SITE-04
73b79d48-1cfd-4a8f-aaf2-72ef20aca338,CAM-003,motion,3/20/2025 10:06,0.66,YOLOv5,/videos/CAM-003/20250320_100642.mp4,10:06:42,SITE-01
ce8bdd9f-f2e0-41cc-bdfd-1ebab97cab88,CAM-004,person_detected,3/16/2025 3:23,0.94,YOLOv5,/videos/CAM-004/20250316_032335.mp4,3:23:35,SITE-03
4e81ac01-a87b-4af3-95fc-a128d645ebf3,CAM-004,face_recognized,1/10/2025 18:14,0.56,YOLOv8,/videos/CAM-004/20250110_181412.mp4,18:14:12,SITE-04
d51090da-c12d-4b5f-a282-46d69d10bb14,CAM-003,motion,3/22/2025 20:34,0.87,EfficientDet,/videos/CAM-003/20250322_203445.mp4,20:34:45,SITE-03
80efabf7-51e1-4689-8443-019851d0f9f5,CAM-006,person_detected,4/7/2025 4:17,0.57,YOLOv5,/videos/CAM-006/20250407_041730.mp4,4:17:30,SITE-02
ba8866b7-e325-493d-a90d-552320166ebe,CAM-004,person_detected,1/24/2025 18:32,0.95,EfficientDet,/videos/CAM-004/20250124_183257.mp4,18:32:57,SITE-02
7b0efb3c-ef73-46f0-b176-b83faaaba701,CAM-001,face_recognized,1/24/2025 20:18,0.96,YOLOv8,/videos/CAM-001/20250124_201852.mp4,20:18:52,SITE-03
03bbd120-14e0-4638-b8e4-5989ba1bef9b,CAM-007,face_recognized,3/10/2025 13:10,0.72,FasterRCNN,/videos/CAM-007/20250310_131024.mp4,13:10:24,SITE-03
1066d2bf-a568-4dba-91d7-44fd84d42463,CAM-006,face_recognized,4/11/2025 15:41,0.51,YOLOv8,/videos/CAM-006/20250411_154125.mp4,15:41:25,SITE-05
8a1e044e-3c45-4e94-82b0-6f79eb5ca5ae,CAM-001,motion,1/29/2025 9:54,0.5,EfficientDet,/videos/CAM-001/20250129_095449.mp4,9:54:49,SITE-02
41a56f1d-70e4-45e9-839a-9c22923ff1d2,CAM-005,person_detected,3/1/2025 21:40,0.84,EfficientDet,/videos/CAM-005/20250301_214018.mp4,21:40:18,SITE-05
795ea9a6-2835-4eb0-afb8-9c3ae89a4098,CAM-006,motion,1/8/2025 12:55,0.78,YOLOv8,/videos/CAM-006/20250108_125539.mp4,12:55:39,SITE-05
e889dd92-2808-4752-8a27-bd3625ca6a97,CAM-010,face_recognized,2/12/2025 22:03,0.94,EfficientDet,/videos/CAM-010/20250212_220336.mp4,22:03:36,SITE-04
acfc2aab-9c55-4b8d-83e0-cd01a59fc48d,CAM-009,person_detected,2/11/2025 10:40,0.62,EfficientDet,/videos/CAM-009/20250211_104022.mp4,10:40:22,SITE-01
4c422938-f1a8-4a4e-b3bf-c44971bf791a,CAM-002,face_recognized,3/5/2025 9:17,0.95,EfficientDet,/videos/CAM-002/20250305_091758.mp4,9:17:58,SITE-05
519822a2-726c-4dab-9a8d-f087aad1c8e6,CAM-009,motion,1/5/2025 6:11,0.87,EfficientDet,/videos/CAM-009/20250105_061112.mp4,6:11:12,SITE-03
044f5991-6e29-47a9-ae9c-42fe142b2343,CAM-007,motion,2/24/2025 19:26,0.63,EfficientDet,/videos/CAM-007/20250224_192607.mp4,19:26:07,SITE-03
459d542f-1f7e-4063-a33c-dee6211eb30b,CAM-006,person_detected,3/7/2025 11:08,0.91,FasterRCNN,/videos/CAM-006/20250307_110818.mp4,11:08:18,SITE-03
1d9c9140-fb0a-4296-849c-94c6b4f70e3b,CAM-003,vehicle_detected,4/10/2025 16:04,0.84,EfficientDet,/videos/CAM-003/20250410_160427.mp4,16:04:27,SITE-05
84648525-8f11-4c6d-971a-7170adac3725,CAM-008,motion,3/19/2025 6:44,0.62,YOLOv8,/videos/CAM-008/20250319_064422.mp4,6:44:22,SITE-03
ac3f2e63-50b6-4d6f-a148-cac6a8777545,CAM-003,motion,3/23/2025 12:56,0.83,FasterRCNN,/videos/CAM-003/20250323_125633.mp4,12:56:33,SITE-01
9b2c253a-cd84-465a-bc13-d4fbbc3908a2,CAM-004,person_detected,2/12/2025 16:14,0.72,FasterRCNN,/videos/CAM-004/20250212_161443.mp4,16:14:43,SITE-01
bba23163-22c6-4cdd-89b2-6a857cb5da8b,CAM-008,motion,1/29/2025 14:20,0.59,EfficientDet,/videos/CAM-008/20250129_142003.mp4,14:20:03,SITE-02
52b92507-deec-46ff-b5b3-fc011c2aa124,CAM-007,motion,1/20/2025 20:16,0.8,FasterRCNN,/videos/CAM-007/20250120_201642.mp4,20:16:42,SITE-03
499aa38b-69b7-45eb-900a-1a8d87decd3b,CAM-002,person_detected,2/6/2025 15:32,0.63,EfficientDet,/videos/CAM-002/20250206_153246.mp4,15:32:46,SITE-03
4badfc8f-c09c-41cb-b8a6-5566ed8720aa,CAM-002,person_detected,2/26/2025 12:34,0.64,YOLOv8,/videos/CAM-002/20250226_123430.mp4,12:34:30,SITE-05
c2fd8f54-fbf9-4dc7-bc76-c800c649b234,CAM-004,motion,3/5/2025 12:53,0.74,YOLOv5,/videos/CAM-004/20250305_125339.mp4,12:53:39,SITE-02
06e3f655-ce0a-45fe-a957-9dcc598b52e9,CAM-006,face_recognized,4/14/2025 5:50,0.52,EfficientDet,/videos/CAM-006/20250414_055019.mp4,5:50:19,SITE-01
0a4278a2-bcfa-420b-9a94-c3805ab51036,CAM-009,face_recognized,1/21/2025 4:28,0.77,EfficientDet,/videos/CAM-009/20250121_042856.mp4,4:28:56,SITE-03
2f3e2329-4906-4ffe-a3c7-6286aed00d77,CAM-004,vehicle_detected,4/3/2025 4:42,0.63,FasterRCNN,/videos/CAM-004/20250403_044223.mp4,4:42:23,SITE-05
e5ba039e-69ae-4fc9-8ccc-00d990233e99,CAM-009,person_detected,2/14/2025 22:40,0.98,YOLOv8,/videos/CAM-009/20250214_224035.mp4,22:40:35,SITE-04
92272f6d-76d1-4823-9f06-4dd17ea83cee,CAM-007,vehicle_detected,1/15/2025 7:03,0.68,EfficientDet,/videos/CAM-007/20250115_070347.mp4,7:03:47,SITE-01
71791f6c-738e-4e64-81a3-8cc624c12014,CAM-004,vehicle_detected,1/25/2025 15:41,0.78,EfficientDet,/videos/CAM-004/20250125_154122.mp4,15:41:22,SITE-02
46414d75-e9df-49bf-9552-78ea881976f9,CAM-006,vehicle_detected,1/16/2025 23:38,0.69,YOLOv8,/videos/CAM-006/20250116_233820.mp4,23:38:20,SITE-03
f6f57951-b294-4647-a85c-f28a40451f19,CAM-010,person_detected,3/23/2025 8:40,0.65,YOLOv8,/videos/CAM-010/20250323_084043.mp4,8:40:43,SITE-02
574d5282-3366-404d-a119-d5f4b81c68fb,CAM-010,face_recognized,1/1/2025 8:35,0.94,FasterRCNN,/videos/CAM-010/20250101_083541.mp4,8:35:41,SITE-04
c8e950ae-dbd5-4411-9ca1-fa1e33c4c692,CAM-001,motion,1/8/2025 0:16,0.91,FasterRCNN,/videos/CAM-001/20250108_001625.mp4,0:16:25,SITE-04
9ddfac7c-820e-4543-872d-a4d73a8831e7,CAM-005,face_recognized,1/14/2025 6:35,0.95,EfficientDet,/videos/CAM-005/20250114_063502.mp4,6:35:02,SITE-02
c94a07ad-c939-4ad3-999e-4676013628bf,CAM-007,face_recognized,2/24/2025 12:31,0.99,EfficientDet,/videos/CAM-007/20250224_123137.mp4,12:31:37,SITE-02
85d7512b-9e8a-4d23-a21a-42a229230cb0,CAM-007,vehicle_detected,2/2/2025 16:37,0.53,EfficientDet,/videos/CAM-007/20250202_163723.mp4,16:37:23,SITE-02
dd74a680-06e4-4b2a-ba1f-0f2707022b90,CAM-001,face_recognized,2/4/2025 19:41,0.57,EfficientDet,/videos/CAM-001/20250204_194156.mp4,19:41:56,SITE-02
e1a51e2b-a617-422d-b57d-ea68069252ed,CAM-007,person_detected,2/2/2025 12:06,0.66,FasterRCNN,/videos/CAM-007/20250202_120650.mp4,12:06:50,SITE-03
24d3acc0-007c-4335-aaa3-2434dfce4788,CAM-007,person_detected,1/10/2025 11:32,0.66,FasterRCNN,/videos/CAM-007/20250110_113231.mp4,11:32:31,SITE-03
8814b60e-e500-47cb-81a9-cb0c1fadf4b5,CAM-009,motion,2/13/2025 8:33,0.56,YOLOv5,/videos/CAM-009/20250213_083303.mp4,8:33:03,SITE-02
690e5cda-825e-402d-85e8-4e5b1a56058b,CAM-003,face_recognized,4/2/2025 23:50,0.55,FasterRCNN,/videos/CAM-003/20250402_235019.mp4,23:50:19,SITE-03
d744c870-e419-4067-9462-3ab70ab280e1,CAM-008,vehicle_detected,3/21/2025 5:46,0.57,FasterRCNN,/videos/CAM-008/20250321_054657.mp4,5:46:57,SITE-03
80674bb2-34b9-4375-93eb-240039668bb5,CAM-010,vehicle_detected,2/7/2025 13:56,0.81,FasterRCNN,/videos/CAM-010/20250207_135629.mp4,13:56:29,SITE-01
5608af49-2237-4cb0-ba19-288fd196a974,CAM-001,motion,1/5/2025 3:11,0.88,FasterRCNN,/videos/CAM-001/20250105_031116.mp4,3:11:16,SITE-02
66b5dc2f-e8b6-4691-a14e-8e11f7de5639,CAM-007,vehicle_detected,3/2/2025 16:52,0.81,YOLOv8,/videos/CAM-007/20250302_165220.mp4,16:52:20,SITE-05
200ceeca-773d-49f5-823d-60bf8756db5a,CAM-007,face_recognized,1/17/2025 15:52,0.56,FasterRCNN,/videos/CAM-007/20250117_155200.mp4,15:52:00,SITE-03
b283119c-430c-4e16-b8b8-83e61861749c,CAM-004,face_recognized,3/12/2025 2:57,0.74,EfficientDet,/videos/CAM-004/20250312_025716.mp4,2:57:16,SITE-03
cbf135bb-beb2-4ab1-8327-ccf5ce0800b2,CAM-006,vehicle_detected,1/30/2025 7:18,0.67,EfficientDet,/videos/CAM-006/20250130_071807.mp4,7:18:07,SITE-01
e2ac4219-526b-4d32-a83a-e09561ea93a3,CAM-003,face_recognized,4/2/2025 4:47,0.53,FasterRCNN,/videos/CAM-003/20250402_044703.mp4,4:47:03,SITE-05
b31d0166-70e0-4d81-9b42-af3476327704,CAM-006,vehicle_detected,1/20/2025 2:30,0.54,EfficientDet,/videos/CAM-006/20250120_023046.mp4,2:30:46,SITE-05
b0397d2a-85a6-456e-87cd-a8bbf38b309e,CAM-002,vehicle_detected,4/4/2025 20:57,0.85,FasterRCNN,/videos/CAM-002/20250404_205713.mp4,20:57:13,SITE-04
e16e67ab-1e7c-4f21-a6c5-8835e7ca2775,CAM-010,person_detected,1/1/2025 0:21,0.55,YOLOv8,/videos/CAM-010/20250101_002105.mp4,0:21:05,SITE-01
04878573-9394-47d6-82df-e7716257f394,CAM-005,vehicle_detected,2/21/2025 4:48,0.51,FasterRCNN,/videos/CAM-005/20250221_044846.mp4,4:48:46,SITE-05
9c4ccebb-9dbf-4e2e-b6db-9d5f3f8e0378,CAM-009,motion,2/15/2025 17:01,0.81,EfficientDet,/videos/CAM-009/20250215_170114.mp4,17:01:14,SITE-02
eccca160-2ead-40fa-9d95-f9444a6cb69e,CAM-009,motion,1/31/2025 0:24,0.95,YOLOv8,/videos/CAM-009/20250131_002432.mp4,0:24:32,SITE-01
b0f1969b-4e58-4a95-84e3-cda03a1e85ba,CAM-006,vehicle_detected,3/6/2025 3:53,0.72,YOLOv8,/videos/CAM-006/20250306_035342.mp4,3:53:42,SITE-04
f3a391a7-777f-435c-83f4-ccbe72ede2d1,CAM-005,face_recognized,4/1/2025 23:15,0.64,YOLOv5,/videos/CAM-005/20250401_231548.mp4,23:15:48,SITE-01
674f8abe-7440-4dd3-83fe-3ad8fe65c18a,CAM-004,motion,3/13/2025 15:55,0.66,EfficientDet,/videos/CAM-004/20250313_155556.mp4,15:55:56,SITE-05
ef028fc7-f08f-4b00-8392-9011f42134dd,CAM-009,vehicle_detected,3/15/2025 19:05,0.65,YOLOv5,/videos/CAM-009/20250315_190555.mp4,19:05:55,SITE-04
8a903cd9-903b-4cf4-9a35-49ec8a3fe715,CAM-003,motion,2/1/2025 20:55,0.55,EfficientDet,/videos/CAM-003/20250201_205523.mp4,20:55:23,SITE-03
25cb2245-d731-4bb4-afb2-c5e60072dba3,CAM-006,vehicle_detected,4/6/2025 2:28,0.82,EfficientDet,/videos/CAM-006/20250406_022804.mp4,2:28:04,SITE-03
c6a564d6-d49e-4df4-a69e-d74797cfaeb4,CAM-002,person_detected,2/19/2025 7:33,0.57,EfficientDet,/videos/CAM-002/20250219_073310.mp4,7:33:10,SITE-02
892032d9-522a-4671-b2f9-47b197b50d1c,CAM-009,motion,3/21/2025 1:10,0.61,EfficientDet,/videos/CAM-009/20250321_011022.mp4,1:10:22,SITE-01
e65ba30e-936c-4821-9441-56401272b0c0,CAM-006,person_detected,3/3/2025 11:32,0.54,YOLOv5,/videos/CAM-006/20250303_113256.mp4,11:32:56,SITE-04
3ef69bbc-bf88-4db1-a12e-cdd9588041dd,CAM-008,motion,3/17/2025 3:38,0.66,FasterRCNN,/videos/CAM-008/20250317_033828.mp4,3:38:28,SITE-03
5027f77d-1d34-4908-ac31-9776914c1048,CAM-003,vehicle_detected,3/21/2025 18:46,0.61,FasterRCNN,/videos/CAM-003/20250321_184605.mp4,18:46:05,SITE-04
82e964e5-b772-42f3-bf2c-fabcb36a0f59,CAM-010,motion,2/4/2025 3:05,0.9,YOLOv8,/videos/CAM-010/20250204_030505.mp4,3:05:05,SITE-04
e93426b9-e802-4319-aee5-0b986d5baff1,CAM-003,motion,2/15/2025 1:49,0.57,YOLOv8,/videos/CAM-003/20250215_014919.mp4,1:49:19,SITE-01
874c33b2-34c4-47e8-859b-4dbce9b56aa9,CAM-004,motion,1/26/2025 4:13,0.54,EfficientDet,/videos/CAM-004/20250126_041309.mp4,4:13:09,SITE-02
51cbbd56-4f59-4c9f-903f-bb7d7f5a6215,CAM-005,motion,3/4/2025 23:31,0.93,FasterRCNN,/videos/CAM-005/20250304_233120.mp4,23:31:20,SITE-02
ad0ece76-fc6e-4185-9330-e5618d91b8d2,CAM-004,person_detected,1/30/2025 10:54,0.59,EfficientDet,/videos/CAM-004/20250130_105434.mp4,10:54:34,SITE-05
2b750035-c964-493a-9d53-c7c60effbe08,CAM-003,motion,3/20/2025 21:42,0.68,YOLOv8,/videos/CAM-003/20250320_214208.mp4,21:42:08,SITE-05
5f5034df-884a-49a0-b872-b8263356d505,CAM-004,motion,1/28/2025 7:21,0.59,FasterRCNN,/videos/CAM-004/20250128_072111.mp4,7:21:11,SITE-01
a7169964-9803-4ecd-bfc7-c5d8be6059af,CAM-007,motion,1/3/2025 14:01,0.55,FasterRCNN,/videos/CAM-007/20250103_140103.mp4,14:01:03,SITE-03
5501aca6-d1aa-4c25-a12d-e5edc5c288c1,CAM-005,motion,1/9/2025 17:40,0.72,YOLOv5,/videos/CAM-005/20250109_174051.mp4,17:40:51,SITE-04
2c60734e-a52e-48c3-aac5-8bc22695143c,CAM-003,motion,1/27/2025 11:40,0.91,FasterRCNN,/videos/CAM-003/20250127_114034.mp4,11:40:34,SITE-02
ac11e9c1-3667-4737-8fa2-010b01455956,CAM-009,vehicle_detected,2/14/2025 13:47,0.56,YOLOv8,/videos/CAM-009/20250214_134725.mp4,13:47:25,SITE-05
f8b2be87-ca3d-4c6f-ab5a-5899dbdce1c7,CAM-008,motion,3/19/2025 2:55,0.78,FasterRCNN,/videos/CAM-008/20250319_025554.mp4,2:55:54,SITE-04
476c7b60-bf12-4526-ba72-42a3a7fb88ff,CAM-007,vehicle_detected,4/1/2025 12:15,0.72,EfficientDet,/videos/CAM-007/20250401_121547.mp4,12:15:47,SITE-05
5a3decf5-7153-4a5a-8540-b7909580d17a,CAM-003,person_detected,2/4/2025 13:41,0.98,YOLOv5,/videos/CAM-003/20250204_134100.mp4,13:41:00,SITE-03
a46ed15d-8122-465c-8f9c-08769b1db7f6,CAM-006,face_recognized,3/1/2025 9:02,0.82,YOLOv8,/videos/CAM-006/20250301_090245.mp4,9:02:45,SITE-02
a2ebb29a-85c1-4e65-a4eb-7f25f41a7954,CAM-010,vehicle_detected,4/9/2025 20:28,0.96,YOLOv8,/videos/CAM-010/20250409_202847.mp4,20:28:47,SITE-02
fc99a6b9-aa30-496f-a739-a4be79ea584c,CAM-004,motion,3/17/2025 5:55,0.82,YOLOv5,/videos/CAM-004/20250317_055517.mp4,5:55:17,SITE-01
6091eb2a-f15c-48d1-90b8-aa5ba3c5e643,CAM-004,vehicle_detected,3/7/2025 15:13,0.83,FasterRCNN,/videos/CAM-004/20250307_151323.mp4,15:13:23,SITE-02
a0fa7eb7-64be-40a3-8527-f1460e05acc0,CAM-002,motion,1/19/2025 10:01,0.98,YOLOv5,/videos/CAM-002/20250119_100144.mp4,10:01:44,SITE-03
240da67c-abb0-4ade-bc9e-af8b61b5512e,CAM-010,motion,4/10/2025 7:16,0.53,YOLOv8,/videos/CAM-010/20250410_071651.mp4,7:16:51,SITE-02
6abe0333-d5ca-4c65-8cde-77b954c06b37,CAM-002,vehicle_detected,2/18/2025 21:38,0.7,FasterRCNN,/videos/CAM-002/20250218_213819.mp4,21:38:19,SITE-03
076e032e-1fd4-4ac6-b205-edb1ad58f453,CAM-005,person_detected,1/8/2025 2:21,0.71,EfficientDet,/videos/CAM-005/20250108_022145.mp4,2:21:45,SITE-05
30909f37-7ebf-480d-8262-59402a4d8bf0,CAM-005,vehicle_detected,1/20/2025 14:17,0.76,EfficientDet,/videos/CAM-005/20250120_141752.mp4,14:17:52,SITE-04
fa7c986f-7b24-4748-9ea0-74c1d30da191,CAM-007,face_recognized,2/19/2025 15:43,0.54,YOLOv5,/videos/CAM-007/20250219_154300.mp4,15:43:00,SITE-04
ba87754b-467b-452a-8c4f-ed542faeb8cb,CAM-002,vehicle_detected,1/27/2025 13:45,0.82,FasterRCNN,/videos/CAM-002/20250127_134500.mp4,13:45:00,SITE-05
a142aca0-b899-4a15-add6-de2d83c33d6d,CAM-006,person_detected,2/20/2025 4:06,0.64,EfficientDet,/videos/CAM-006/20250220_040650.mp4,4:06:50,SITE-04
c0d36c1f-4be6-4544-9620-46253fca4012,CAM-010,motion,3/8/2025 19:00,0.73,FasterRCNN,/videos/CAM-010/20250308_190059.mp4,19:00:59,SITE-05
ffca94b9-8e41-4665-9a28-3bf5824ce0b5,CAM-003,face_recognized,2/12/2025 0:15,0.6,YOLOv8,/videos/CAM-003/20250212_001552.mp4,0:15:52,SITE-03
b549574d-c797-4139-82ab-22e3c8db72b6,CAM-005,motion,3/25/2025 7:32,0.61,YOLOv5,/videos/CAM-005/20250325_073230.mp4,7:32:30,SITE-04
4a620ef8-1975-4a19-9ff5-b39256beed73,CAM-001,motion,1/26/2025 12:58,0.5,YOLOv5,/videos/CAM-001/20250126_125805.mp4,12:58:05,SITE-01
5ba18495-5f39-4fc4-99e8-293026b725fb,CAM-005,motion,3/7/2025 19:18,0.72,EfficientDet,/videos/CAM-005/20250307_191808.mp4,19:18:08,SITE-01
930a2bd4-8b8d-4aa3-a133-67fe8e21b495,CAM-001,motion,2/24/2025 14:26,0.65,YOLOv8,/videos/CAM-001/20250224_142640.mp4,14:26:40,SITE-03
0b773d52-e20d-4222-88b9-d56718757109,CAM-006,person_detected,4/2/2025 22:37,0.75,YOLOv5,/videos/CAM-006/20250402_223757.mp4,22:37:57,SITE-03
7bfdc082-c3e5-40a5-88a1-056dff77eaa9,CAM-010,person_detected,2/8/2025 17:33,0.89,YOLOv5,/videos/CAM-010/20250208_173319.mp4,17:33:19,SITE-03
3078e257-e894-41c5-814b-671e726bea01,CAM-007,vehicle_detected,3/12/2025 0:19,0.71,YOLOv8,/videos/CAM-007/20250312_001918.mp4,0:19:18,SITE-04
794ef7a2-d209-4f79-8f73-94f89b70abe2,CAM-009,person_detected,3/12/2025 19:44,0.54,FasterRCNN,/videos/CAM-009/20250312_194417.mp4,19:44:17,SITE-05
98559813-c8c6-4a27-83e3-ff76268d4407,CAM-009,vehicle_detected,1/7/2025 21:32,0.93,FasterRCNN,/videos/CAM-009/20250107_213227.mp4,21:32:27,SITE-03
b9400b7d-8d37-4de5-b8d3-07009f84aeda,CAM-001,face_recognized,1/20/2025 14:46,0.8,YOLOv5,/videos/CAM-001/20250120_144628.mp4,14:46:28,SITE-05
14e76b99-8fb1-4f4d-aef9-aa683f7c5723,CAM-007,motion,2/13/2025 0:15,0.69,YOLOv5,/videos/CAM-007/20250213_001544.mp4,0:15:44,SITE-02
8f26913b-23d3-4403-89d5-6767169cd003,CAM-006,person_detected,2/9/2025 21:12,0.53,FasterRCNN,/videos/CAM-006/20250209_211214.mp4,21:12:14,SITE-04
e38564c8-be1c-4c52-b11a-4be026268d29,CAM-007,vehicle_detected,2/8/2025 1:56,0.76,FasterRCNN,/videos/CAM-007/20250208_015624.mp4,1:56:24,SITE-01
81251636-342b-41f3-8089-505c523bf17c,CAM-001,motion,3/8/2025 16:08,0.67,FasterRCNN,/videos/CAM-001/20250308_160833.mp4,16:08:33,SITE-02
b16b817c-2b24-4424-b2ac-55419dc12fbc,CAM-008,person_detected,1/25/2025 17:22,0.89,EfficientDet,/videos/CAM-008/20250125_172220.mp4,17:22:20,SITE-02
10e4e78c-2d57-4dc2-8709-0deaafa27aca,CAM-004,face_recognized,2/26/2025 4:01,0.91,YOLOv8,/videos/CAM-004/20250226_040137.mp4,4:01:37,SITE-05
60b7e616-a2d0-49f6-a225-02d79b9daaea,CAM-005,motion,3/28/2025 21:17,0.65,YOLOv8,/videos/CAM-005/20250328_211742.mp4,21:17:42,SITE-04
cc4aa139-f8d2-4a8d-b8e9-d561d12f4269,CAM-007,face_recognized,1/1/2025 17:06,0.52,YOLOv5,/videos/CAM-007/20250101_170620.mp4,17:06:20,SITE-05
d77d7942-e7ba-449d-8367-cee1af1139f7,CAM-008,face_recognized,2/6/2025 1:56,0.6,YOLOv5,/videos/CAM-008/20250206_015613.mp4,1:56:13,SITE-01
2a610c18-8109-470d-bcba-7f2c702ed680,CAM-009,face_recognized,2/21/2025 2:07,0.81,EfficientDet,/videos/CAM-009/20250221_020739.mp4,2:07:39,SITE-05
bde45dbd-0192-401c-b3af-49c38b53faf7,CAM-004,person_detected,1/28/2025 7:24,0.99,EfficientDet,/videos/CAM-004/20250128_072453.mp4,7:24:53,SITE-05
71a9983f-77e5-4bd5-b7df-c222afd84214,CAM-007,motion,1/16/2025 18:50,0.75,YOLOv8,/videos/CAM-007/20250116_185056.mp4,18:50:56,SITE-04
27ca1f5b-c7b0-4bf3-94fe-968133f8f819,CAM-008,motion,3/13/2025 9:20,0.69,FasterRCNN,/videos/CAM-008/20250313_092017.mp4,9:20:17,SITE-05
53fd98cb-a849-4d5e-9ed3-c30387adc3e5,CAM-010,face_recognized,1/9/2025 3:58,0.93,EfficientDet,/videos/CAM-010/20250109_035853.mp4,3:58:53,SITE-03
